id,case_name,author,source_title,source_url,published_date,scope,article_type,genre,views,likes,like_rate,likes_per_1000_views,like_rate_band,data_quality,include_in_average,evidence,feature_notes
watamari_01,ビュー数1位だがスキが少ない記事,渡辺まりこ,note裏側の数値公開。「スキ数」と「ビュー数」は比例しない！,https://note.com/watamari/n/n1f2426e124a2,2025-05-11,article,情報・検索流入型,note運用,1137,1,0.0879507476,0.879507476,低い (<2%),exact,True,1137ビューでスキ数1なので、スキを押してくれた方は全体の0.1%程度,ビューは多いがスキ率は極端に低い。広く表示されたが深い共感にはつながらなかった例。
watamari_02,スキ率が高かった記事,渡辺まりこ,note裏側の数値公開。「スキ数」と「ビュー数」は比例しない！,https://note.com/watamari/n/n1f2426e124a2,2025-05-11,article,共感・体験型,note運用,876,120,13.698630137,136.98630137,優秀 (10-15%),exact,True,876ビューで120スキなので、スキ率は約14％,ビュー数よりも読者反応が強い。共感・関係性の強い読者に届いた可能性が高い。
xdope_total,1ヶ月目アカウント全体,ドープ,note初心者の1ヶ月目のリアルな成績【ビュー数&スキ数を全公開！】,https://note.com/x_dope_x/n/nb00bc3839f0f,2026-02-18,account_period,運用報告,資産形成・副業,1920,108,5.625,56.25,良好 (5-10%),exact,True,"全体のビュー数は1,920PV。累計スキ数は108。",初心者アカウントの1ヶ月集計。一般的な3〜5%帯を少し上回る。
xdope_article,【資産1000万円】20代で貯めると人生イージーゲームになる3つの理由,ドープ,note初心者の1ヶ月目のリアルな成績【ビュー数&スキ数を全公開！】,https://note.com/x_dope_x/n/nb00bc3839f0f,2026-02-18,article,体験ベースのノウハウ,資産形成・副業,60,8,13.3333333333,133.333333333,優秀 (10-15%),exact,True,ビュー数は60、スキ数が8です。13.33%でした。,ビューは少ないが体験と金額の具体性で高反応。
life_is_empty_final,note集客検証記事・2日後,life_is_empty,note初心者がぶつかる壁！！スキ率は良いのにビューが伸びない理由,https://note.com/life_is_empty/n/n191571a71ffa,2026-03-18,article_snapshot,検証・ノウハウ,note集客,55,14,25.4545454545,254.54545454499998,非常に優秀 (15%+),exact,True,投稿直後はビュー26、スキが4...2日後の3/17現在はビューが55、スキが14と伸びました。,露出は小さいが、読んだ人の反応が強い。タイトルが具体課題に直結。
life_is_empty_initial,note集客検証記事・投稿直後,life_is_empty,note初心者がぶつかる壁！！スキ率は良いのにビューが伸びない理由,https://note.com/life_is_empty/n/n191571a71ffa,2026-03-18,article_snapshot,検証・ノウハウ,note集客,26,4,15.3846153846,153.846153846,非常に優秀 (15%+),exact,False,投稿直後はビュー26、スキが4,同一記事の初期スナップショット。平均計算では重複回避のため除外。
pure_rose_article,最高スキ29回の記事,pure_rose,noteの「スキ率」を計算したら、明日への活力が湧いてきた話,https://note.com/pure_rose25253/n/n01b6a2332ae4,2026-04-24,article,共感・体験型,ライフログ,136,29,21.3235294118,213.23529411799998,非常に優秀 (15%+),exact,True,スキを29回押された記事...その記事のビュー数は136回。スキ率...21％,小規模ビューでも強い共感が発生した高スキ率記事。
mimi_total_10000,15投稿累計・10000ビュー達成時,実家細ニキ,noteの振り返り① noteを始めて3か月半・15投稿で10000ビュー/1000スキ/100フォロワー達成,https://note.com/mimi0926ruichan/n/n17275d51334c,2024-10-10,account_period,運用報告,旅行・海外生活,10000,1000,10.0,100.0,優秀 (10-15%),exact,True,15投稿の末ついにnoteのアクセス数10000ビュー/1000スキ/100フォロワーを達成,旅行ジャンルで投稿数は少ないが高水準の累計反応。
mimi_total_8467,3ヶ月累計・9/13時点,実家細ニキ,noteの振り返り① noteを始めて3か月半・15投稿で10000ビュー/1000スキ/100フォロワー達成,https://note.com/mimi0926ruichan/n/n17275d51334c,2024-10-10,account_period,運用報告,旅行・海外生活,8467,881,10.4051021613,104.051021613,優秀 (10-15%),exact,True,ここまでの3ヶ月の累計を集計すると8467ビュー、881スキ,旅行の感想・情報記事の組み合わせが伸長要因として語られている。
honest_zinnia_total,1ヶ月目アカウント全体,honest_zinnia,note始めて1ヶ月。3400ビュー突破！正直な結果を公開します,https://note.com/honest_zinnia946/n/n94fe3d27a97c,2026-03-16,account_period,運用報告,AI・ライフログ,3404,287,8.4312573443,84.312573443,良好 (5-10%),exact,True,"全体ビュー：3,404、スキ：287、投稿記事数：約25記事",AI関連の記事が700ビュー超え。初心者運用で良好な反応。
sunshita_past_hit,前アカウント最高ヒット作,サンシタ,noteを1ヶ月毎日書き続けるとどうなるのか？ダッシュボード公開,https://note.com/sunshita_note/n/nbbba678c9e7a,2024-08-31,article,ヒット記事,不明・一般,100000,2000,2.0,20.0,標準下限 (2-5%),approximate,False,前アカウントの最高ヒット作では単発10万ビュー超え、2000近いスキ,大規模露出ではスキ率が下がる典型例。近似値のため平均からは除外。
haru_1000,1000ビュー時点のアカウント全体,haru,noteの仕組みがちょっとわかった？3000ビュー達成と,https://note.com/haru_5963_/n/na2fdf3ef83eb,2026-03-05,account_period,運用報告,仕事・ライフログ,1053,152,14.4349477683,144.349477683,優秀 (10-15%),exact,True,"1,000ビュー時点：総ビュー1,053、スキ152、コメント2、記事数8本",初期投稿で強い反応。感情を書いた記事にスキが来ると分析。
haru_3000,3000ビュー時点のアカウント全体,haru,noteの仕組みがちょっとわかった？3000ビュー達成と,https://note.com/haru_5963_/n/na2fdf3ef83eb,2026-03-05,account_period,運用報告,仕事・ライフログ,3028,340,11.2285336856,112.285336856,優秀 (10-15%),exact,True,"3,000ビュー時点：総ビュー3,028、スキ340、コメント6、記事数40本",記事数増でビューが伸び、平均スキ率はやや低下。
shirokuro_total,31日間アカウント全体,shirokuro,初心者主婦がnoteを始めて1か月。5000ビュー・1000スキまでの記録,https://note.com/shirokuro3215/n/n1d77403d3c18,2026-04-11,account_period,運用報告,主婦・AI活用,5000,1000,20.0,200.0,非常に優秀 (15%+),exact,True,31日間の結果...5000ビュー・1000スキ,初心者向け・AI活用・実体験の組み合わせ。高い共感率。
yu_shiro_worst,最低ビューの記事,ゆうしろう,初の1記事ビュー数1000超え,https://note.com/yu_shiro_h/n/ne7491e85845e,2025-02-18,article,個人エッセイ,読書・内省,18,4,22.2222222222,222.222222222,非常に優秀 (15%+),exact,True,最低ビューの記事はわずか18ビュー...4人の方からスキ...スキ比は22.2%,母数は小さいが、限られた読者には刺さった例。
gentle_featured,今日の注目記事に選ばれた記事,紳士パジャマ,スキ率が高い＝良い記事と聞きまして・・・,https://note.com/gentle_pajamas/n/n0d676dc21373,2025-03-28,article,公式露出・注目記事,エッセイ,10300,237,2.3,23.0,標準下限 (2-5%),estimated_from_rate,False,ビュー数がダントツ(10300ビュー)となったこちらの記事のスキ率は2.3％,公式露出でビューは増えるが、率は低下。スキ数はビュー×率からの推定。
lush_current,2万ビュー・3000スキ達成記事,ゆうき,2万ビュー、3000スキ達成で見えた、note記事の「伸びる構造」,https://note.com/lush_whale7372/n/n41556293b8cf,2026-03-19,article,共感・専門性ミックス,医療・子育て,20694,3001,14.5027544216,145.027544216,優秀 (10-15%),exact,True,"ビュー数：20,694、スキ数：3,001、2万ビュー、3000スキを達成",時短勤務、子育て、メンタルなど強い共感テーマと専門性を組み合わせ。
lush_previous,1万ビュー・2000スキ達成記事,ゆうき,2万ビュー、3000スキ達成で見えた、note記事の「伸びる構造」,https://note.com/lush_whale7372/n/n41556293b8cf,2026-03-19,article,共感・専門性ミックス,医療・子育て,10000,2000,20.0,200.0,非常に優秀 (15%+),exact,True,1万ビュー、2000スキを頂くまで2ヶ月かかった,高ビューかつ高スキ率。専門性よりも読後感と共感導線が重視されている。
dai_total,アカウント全体・2000ビュー200スキ,DAI,スキ200超えを達成しました。ありがとう…,https://note.com/dai6769/n/n8347293efb27,2025-03-04,account_period,運用報告,ライフログ,2000,200,10.0,100.0,優秀 (10-15%),approximate,False,"全体ビュー2,000超え、スキ200超えを達成",超え表現のため近似値。
shiroi_community_benchmark,通常コミュニティ向け記事11件の目安,shiroi_ze,noteはどの程度フォロワー「以外」の人まで届いているのか,https://note.com/shiroi_ze/n/nf33adf22c80e,2026-05-04,benchmark,コミュニティ向け記事,音楽・テック,22150,2215,10.0,100.0,優秀 (10-15%),estimated_from_rate,False,"全11記事へのスキの合計: 2,215件...スキ数をビュー数で割った数字はだいたい0.1前後",ビュー数はスキ合計÷0.1で推定。補助ベンチマーク扱い。
shiroi_search_benchmark,検索エンジン経由記事の目安,shiroi_ze,noteはどの程度フォロワー「以外」の人まで届いているのか,https://note.com/shiroi_ze/n/nf33adf22c80e,2026-05-04,benchmark,検索流入型,音楽・テック,,,1.0,10.0,低い (<2%),rate_only,False,サーチエンジン経由で0.01くらい,検索流入ではスキ率が1%程度まで低下するという補助ベンチマーク。
yu_shiro_rate_01,憧れのkindle作家に憧れない,ゆうしろう,初の1記事ビュー数1000超え,https://note.com/yu_shiro_h/n/ne7491e85845e,2025-02-18,rate_only_article,個人エッセイ,読書・内省,,,19.6,196.0,非常に優秀 (15%+),rate_only,False,①『憧れのkindle作家に憧れない』 スキ比：19.6%,内面や考え方を扱う記事。
yu_shiro_rate_02,読むだけで、ほんわか幸せ気分になるnote,ゆうしろう,初の1記事ビュー数1000超え,https://note.com/yu_shiro_h/n/ne7491e85845e,2025-02-18,rate_only_article,個人エッセイ,読書・内省,,,17.3,173.0,非常に優秀 (15%+),rate_only,False,②『読むだけで、ほんわか幸せ気分になるnote』 スキ比：17.3%,ポジティブな読後感を前面に出す。
yu_shiro_rate_03,#103. 読書を目的とした旅,ゆうしろう,初の1記事ビュー数1000超え,https://note.com/yu_shiro_h/n/ne7491e85845e,2025-02-18,rate_only_article,体験エッセイ,読書・内省,,,16.8,168.0,非常に優秀 (15%+),rate_only,False,③『#103. 「読書を目的とした旅」読書休暇を満喫した話』 スキ比：16.8%,個人的な体験の具体性。
gentle_rate_01,スキ率1位記事,紳士パジャマ,スキ率が高い＝良い記事と聞きまして・・・,https://note.com/gentle_pajamas/n/n0d676dc21373,2025-03-28,rate_only_article,短文エッセイ,エッセイ,,,42.3,423.0,非常に優秀 (15%+),rate_only,False,第一位 スキ率 42.3％。ビューが20以下の記事は除外。,1000文字未満のあっさりした内容が高率に入りやすいと著者が分析。
gentle_rate_02,スキ率2位記事,紳士パジャマ,スキ率が高い＝良い記事と聞きまして・・・,https://note.com/gentle_pajamas/n/n0d676dc21373,2025-03-28,rate_only_article,短文エッセイ,エッセイ,,,28.3,283.0,非常に優秀 (15%+),rate_only,False,第二位 スキ率 28.3％。ビューが20以下の記事は除外。,母数が小さい記事ほど率は高く出やすい。
